,pyridine,pyrazine,pyrimidine
pyridine,,0.48490420731525696,0.48299466591197915
pyrazine,0.4170106989409199,,0.6216593875130726
pyrimidine,0.6715706252130795,0.6534410945415284,
