,pyridine,pyrazine,pyrimidine
pyridine,,0.256409604055327,0.22595328806657047
pyrazine,0.2317978298015712,,0.21429768138896924
pyrimidine,0.4475963490480252,0.4508914736286583,
