,pyridine,pyrazine,pyrimidine
pyridine,,0.4849042070541879,0.48299467267006885
pyrazine,0.4170106989409199,,0.621657316999009
pyrimidine,0.6715714745935577,0.6534402029983172,
